review_text,sentiment
"The product quality is really impressive and works as expected.",1
"I like the design and performance, but delivery was slightly late.",1
"Very useful product, it solved my problem effectively.",1
"The build quality feels premium and durable.",1
"Good value for money, though packaging could be better.",1
"I am satisfied with the performance overall.",1
"Works fine, but battery drains a bit faster than expected.",1
"Product is decent and easy to use for beginners.",1
"The features are helpful and well implemented.",1
"Quality is good but not outstanding.",1
"Received the product on time and it works perfectly.",1
"Easy to install and use, instructions were clear.",1
"The product meets expectations but could improve slightly.",1
"I liked the overall experience, no major issues.",1
"Functionality is smooth and reliable.",1
"Good performance, but price feels slightly high.",1
"The design is attractive and modern.",1
"Product works as described and is quite efficient.",1
"I am happy with the purchase so far.",1
"Does the job well with minor flaws.",1
"The product performs reliably in daily use.",1
"Setup was simple and performance is stable.",1
"I appreciate the attention to detail in design.",1
"The product exceeded expectations in some areas.",1
"Good usability and intuitive controls.",1
"Solid build and consistent performance.",1
"It works well for my needs, no complaints.",1
"Nice product with useful features.",1
"Performance is good though not perfect.",1
"Overall a satisfying purchase experience.",1
"The product feels durable and long-lasting.",1
"Easy to handle and very convenient.",1
"Good balance of price and quality.",1
"Very practical and efficient product.",1
"The product is reliable for daily tasks.",1
"Met most of my expectations.",1
"User-friendly and well designed.",1
"Impressive performance for the price.",1
"Works smoothly without major issues.",1
"A dependable product with minor drawbacks.",1
"Comfortable to use and performs well.",1
"The packaging was neat and secure.",1
"The product is lightweight and effective.",1
"Delivers consistent results.",1
"Helpful features and decent quality.",1
"Performance is stable and predictable.",1
"Nice design and easy functionality.",1
"Satisfactory overall experience.",1
"Reliable and efficient product.",1
"Worth considering for its performance.",1
"The product stopped working after a few days.",0
"Not worth the price, performance is disappointing.",0
"I expected better quality for this price range.",0
"The item arrived damaged and unusable.",0
"Very poor experience, would not recommend.",0
"It works sometimes but not consistently.",0
"Build quality feels cheap and fragile.",0
"Instructions were confusing and hard to follow.",0
"Battery life is extremely poor.",0
"The product does not match the description.",0
"Disappointed with the performance overall.",0
"Customer support was not helpful at all.",0
"It fails to deliver expected results.",0
"Not satisfied, there are too many issues.",0
"The material quality is below average.",0
"Product overheats after short usage.",0
"Too many bugs and glitches while using.",0
"The size and fit are not accurate.",0
"Returned the product due to poor quality.",0
"It feels like a low-quality copy.",0
"The performance is inconsistent and unreliable.",0
"Not as durable as advertised.",0
"The product broke within a week.",0
"Quality control seems poor.",0
"Not user-friendly and hard to operate.",0
"The product has multiple defects.",0
"Packaging was damaged and messy.",0
"It struggles to perform basic tasks.",0
"Overall experience was frustrating.",0
"Does not justify its price.",0
"The product lags and freezes frequently.",0
"Not impressed with the build quality.",0
"It stopped functioning suddenly.",0
"Very disappointing purchase.",0
"Product feels poorly made.",0
"Not reliable for regular use.",0
"Performance is below expectations.",0
"The product is unstable during use.",0
"Bad experience with this product.",0
"It does not work as intended.",0
"Frequent issues make it unusable.",0
"Cheap materials used in construction.",0
"Not worth buying at all.",0
"The product is defective.",0
"Disappointing quality overall.",0
"Too many limitations in functionality.",0
"Fails to meet basic expectations.",0
"Poorly designed and inconvenient.",0
"Product has serious performance issues.",0
"Unreliable and frustrating to use.",0